city,lat,lon,elevation,m01,m02,m03,m04,m05,m06,m07,m08,m09,m10,m11,m12,annual_mean,coldest_month,has_frost,first_frost_doy,last_frost_doy
Chicago,41.8781,-87.6298,241.0,-6.5,-6.61,-0.99,4.55,11.03,17.45,20.2,19.86,16.47,9.79,2.74,-2.93,7.09,-6.61,1,316,103
Berlin,52.52,13.405,37.0,-1.5,-1.05,0.68,4.53,9.18,13.25,15.25,14.98,11.51,7.53,3.33,0.43,6.51,-1.5,1,317,100
Toronto,43.6532,-79.3832,99.0,-6.65,-7.56,-3.31,2.5,8.73,14.87,18.17,18.06,14.87,8.84,2.34,-2.55,5.69,-7.56,1,311,113
Moscow,55.7558,37.6173,140.0,-10.63,-10.43,-6.47,0.44,7.7,12.19,14.92,13.69,8.68,3.18,-1.8,-6.36,2.09,-10.63,1,286,117
Beijing,39.9042,116.4074,47.0,-8.09,-5.47,0.02,7.61,14.44,20.02,22.66,21.12,15.74,7.76,-0.77,-6.53,7.38,-8.09,1,309,91
London,51.5074,-0.1278,16.0,1.98,2.2,3.22,5.03,8.34,11.47,13.7,13.33,11.42,8.91,5.05,3.14,7.32,1.98,1,319,93
Paris,48.8566,2.3522,36.0,1.77,1.8,3.28,5.8,9.53,13.11,15.18,14.66,12.18,9.45,5.33,2.6,7.89,1.77,1,328,94
New York,40.7128,-74.006,32.0,-3.47,-3.58,0.25,6.04,11.66,17.17,20.63,19.82,16.44,10.63,4.29,-0.26,8.3,-3.58,1,322,92
Seoul,37.5665,126.978,34.0,-7.35,-4.7,-0.05,6.12,11.95,17.7,21.86,22.27,16.91,9.39,1.98,-5.64,7.54,-7.35,1,312,90
Tokyo,35.6762,139.6503,37.0,-0.13,0.96,4.52,9.44,14.52,18.74,22.75,24.04,20.47,14.44,8.32,2.43,11.71,-0.13,1,349,71
Madrid,40.4168,-3.7038,666.0,0.97,1.79,4.06,6.96,10.94,15.66,19.33,18.97,14.81,10.4,5.31,2.11,9.28,0.97,1,333,75
Warsaw,52.2297,21.0122,113.0,-3.83,-3.27,-0.68,4.0,9.09,13.29,15.46,14.97,10.83,6.22,2.51,-1.18,5.62,-3.83,1,303,105
Stockholm,59.3293,18.0686,24.0,-3.49,-3.77,-2.49,1.35,6.43,11.28,14.16,13.66,10.14,5.54,1.8,-1.84,4.4,-3.77,1,305,110
Minneapolis,44.9778,-93.265,253.0,-12.92,-12.25,-4.23,2.42,9.75,16.07,18.54,17.44,13.86,6.36,-1.24,-9.48,3.69,-12.92,1,301,117
Denver,39.7392,-104.9903,1599.0,-9.05,-8.78,-4.02,0.36,5.7,12.12,15.62,14.8,10.67,3.4,-2.89,-8.12,2.48,-9.05,1,288,125
Zurich,47.3769,8.5417,409.0,-1.59,-1.43,0.92,4.41,8.66,13.06,15.12,14.86,11.52,7.58,2.85,-0.47,6.29,-1.59,1,319,100
Vienna,48.2082,16.3738,179.0,-2.16,-1.18,1.29,5.8,10.42,14.8,16.98,16.33,12.38,7.58,3.22,-0.7,7.06,-2.16,1,317,95
Prague,50.0755,14.4378,251.0,-2.36,-2.11,0.33,4.34,8.96,13.31,15.27,14.79,10.97,6.58,2.37,-0.72,5.98,-2.36,1,302,108
Amsterdam,52.3676,4.9041,5.0,2.05,1.84,3.15,5.73,9.24,12.44,14.45,14.4,12.37,9.49,5.65,3.16,7.83,1.84,1,331,81
Dublin,53.3498,-6.2603,11.0,3.51,3.6,4.06,5.65,8.46,11.29,13.04,12.72,11.23,9.16,5.96,4.15,7.74,3.51,1,337,68
Boston,42.3601,-71.0589,9.0,-5.62,-5.41,-1.67,4.28,10.04,15.34,19.24,18.39,14.95,9.2,2.99,-2.05,6.64,-5.62,1,309,100
Montreal,45.5017,-73.5673,76.0,-12.74,-11.77,-6.15,1.21,8.61,14.56,17.7,16.86,13.03,6.91,-0.1,-7.46,3.39,-12.74,1,302,116
Oslo,59.9139,10.7522,21.0,-6.12,-5.68,-3.31,1.16,6.48,11.21,13.72,12.66,9.52,4.72,0.62,-4.35,3.39,-6.12,1,301,112
Helsinki,60.1699,24.9384,8.0,-5.86,-6.6,-4.57,0.25,6.12,11.27,14.53,13.91,10.12,4.82,1.07,-2.58,3.54,-6.6,1,294,115
Edmonton,53.5461,-113.4938,669.0,-14.16,-14.33,-9.09,-1.87,5.35,10.41,13.19,11.94,7.49,0.86,-7.67,-14.46,-1.03,-14.46,1,277,124
Ulaanbaatar,47.8864,106.9057,1300.0,-25.13,-22.21,-11.98,-3.22,2.18,9.15,12.62,10.19,3.49,-3.94,-13.77,-21.41,-5.34,-25.13,1,262,144
Harbin,45.8038,126.535,122.0,-22.97,-18.42,-7.53,1.55,9.31,15.92,19.44,17.77,11.4,2.55,-8.26,-19.6,0.1,-22.97,1,286,113
Sapporo,43.0618,141.3545,26.0,-9.52,-8.89,-4.44,1.3,7.36,12.71,17.22,18.8,14.56,7.54,1.25,-5.8,4.34,-9.52,1,315,112
Sydney,-33.8688,151.2093,86.0,19.65,19.32,18.05,14.95,11.65,9.83,8.72,9.17,11.43,13.88,16.12,17.85,14.22,8.72,0,-1,-1
Melbourne,-37.8136,144.9631,19.0,15.71,15.3,14.13,11.42,9.19,7.17,6.88,7.4,8.52,10.09,12.35,13.67,10.99,6.88,0,240,-1
Auckland,-36.8485,174.7633,36.0,17.16,17.63,16.32,14.62,12.42,10.71,9.63,9.67,10.74,11.92,13.56,15.89,13.36,9.63,0,-1,-1
Cape Town,-33.9249,18.4241,17.0,17.61,17.74,16.38,14.21,12.11,10.3,9.47,9.62,10.79,12.89,14.37,16.27,13.48,9.47,0,-1,-1
Buenos Aires,-34.6037,-58.3816,18.0,20.93,20.3,18.19,14.98,11.35,8.6,7.82,8.82,10.9,13.49,16.68,19.11,14.26,7.82,0,-1,-1
Santiago,-33.4489,-70.6693,538.0,16.25,16.18,14.91,11.64,8.14,5.51,4.73,5.78,7.28,9.53,12.05,14.4,10.53,4.73,1,252,143
Rome,41.9028,12.4964,58.0,3.66,4.04,5.99,8.88,12.74,16.95,20.2,20.42,16.96,13.11,9.08,5.05,11.42,3.66,1,349,49
Athens,37.9838,23.7275,92.0,5.35,6.09,7.74,10.98,15.59,20.05,22.67,22.68,19.21,14.82,10.89,7.45,13.63,5.35,1,-1,46
Lisbon,38.7223,-9.1393,66.0,8.87,9.1,10.4,12.2,14.42,16.55,17.96,18.52,17.77,15.93,12.26,9.92,13.66,8.87,0,-1,-1
Los Angeles,34.0522,-118.2437,91.0,7.5,7.72,8.97,10.67,12.89,15.35,18.04,18.43,17.55,14.46,10.77,7.61,12.5,7.5,0,-1,14
San Francisco,37.7749,-122.4194,18.0,6.8,7.51,8.6,9.36,10.79,12.25,13.05,13.67,13.6,12.41,9.45,7.28,10.4,6.8,0,343,16
Perth,-31.9505,115.8605,19.0,19.09,19.33,17.96,14.94,12.2,10.17,9.51,9.84,10.89,12.8,15.27,17.56,14.13,9.51,0,-1,-1
Adelaide,-34.9285,138.6007,46.0,17.61,17.22,16.17,13.72,11.2,9.12,8.52,9.0,10.31,12.05,14.25,15.9,12.92,8.52,0,-1,-1
Portland,45.5152,-122.6784,25.0,2.05,1.97,3.54,5.38,8.81,11.54,14.27,14.83,12.45,8.53,4.61,1.96,7.5,1.96,1,325,79
Vancouver,49.2827,-123.1207,40.0,1.87,1.57,3.09,5.26,9.03,11.99,14.77,15.17,12.65,8.44,4.24,1.61,7.47,1.57,1,323,82
Seattle,47.6062,-122.3321,59.0,2.38,2.06,3.5,5.3,8.72,11.59,14.14,14.46,12.14,8.49,4.84,2.31,7.49,2.06,1,325,77
Delhi,28.6139,77.209,214.0,7.81,10.88,15.58,21.17,25.23,27.69,26.59,25.99,24.33,19.58,14.43,9.37,19.05,7.81,0,-1,-1
Cairo,30.0444,31.2357,22.0,8.36,9.13,11.31,14.21,17.79,20.67,22.16,22.72,21.34,18.45,14.31,10.56,15.92,8.36,0,-1,-1
Phoenix,33.4484,-112.074,333.0,5.2,6.71,10.0,14.45,19.3,25.15,28.87,28.02,24.25,16.88,10.38,5.69,16.24,5.2,1,351,35
Houston,29.7604,-95.3698,20.0,7.9,9.72,13.35,16.44,20.54,23.78,24.57,25.0,22.65,17.81,12.95,9.93,17.05,7.9,1,342,43
New Orleans,29.9511,-90.0715,19.0,9.34,11.04,14.23,17.39,21.18,24.52,25.33,25.59,23.7,19.02,13.96,11.34,18.05,9.34,1,349,19
Shanghai,31.2304,121.4737,5.0,1.38,3.02,6.8,11.79,16.89,21.41,25.8,25.79,21.79,16.29,10.57,3.1,13.72,1.38,1,346,59
Johannesburg,-26.2041,28.0473,1749.0,14.49,14.21,12.74,9.63,6.5,3.48,2.84,5.44,9.26,11.35,12.74,14.23,9.74,2.84,1,243,147
Mexico City,19.4326,-99.1332,2230.0,7.15,8.21,9.65,11.48,12.51,13.07,12.41,12.57,12.39,10.82,8.93,7.73,10.58,7.15,0,345,3
Sao Paulo,-23.5558,-46.6396,770.0,19.12,19.05,18.54,16.68,14.05,12.79,12.08,12.77,14.67,16.22,16.65,18.23,15.9,12.08,0,-1,-1
Brisbane,-27.4698,153.0251,18.0,21.29,20.94,19.82,16.81,13.57,11.48,10.27,10.99,13.57,16.2,18.47,20.11,16.13,10.27,0,-1,-1
Bengaluru,12.9719,77.5937,918.0,14.98,16.1,18.77,20.88,21.1,20.2,19.79,19.44,19.13,18.52,17.2,15.77,18.49,14.98,0,-1,-1
Singapore,1.3521,103.8198,46.0,23.79,23.98,24.39,24.83,25.3,25.26,25.17,24.96,24.86,24.56,24.26,24.06,24.62,23.79,0,-1,-1
Lagos,6.5244,3.3792,8.0,24.32,25.66,26.47,26.33,25.62,24.5,23.94,23.65,23.9,24.42,25.18,24.66,24.89,23.65,0,-1,-1
Jakarta,-6.2088,106.8456,12.0,23.67,23.59,23.74,23.83,23.86,23.41,23.12,23.29,23.62,24.01,24.01,23.94,23.67,23.12,0,-1,-1
Mumbai,19.076,72.8777,6.0,18.69,19.65,22.09,24.43,26.81,26.52,25.57,25.23,25.05,24.48,22.53,20.35,23.45,18.69,0,-1,-1
Bangkok,13.7563,100.5018,4.0,21.46,23.5,25.41,26.63,26.56,26.06,25.56,25.43,24.98,24.24,23.38,21.64,24.57,21.46,0,-1,-1
Nairobi,-1.2921,36.8219,1668.0,14.6,15.07,15.62,15.83,14.9,13.41,12.41,12.72,13.37,14.76,14.98,14.71,14.37,12.41,0,-1,-1
Lima,-12.0464,-77.0428,139.0,20.05,21.04,20.79,19.23,17.25,15.88,15.02,14.69,15.03,15.52,16.63,18.34,17.46,14.69,0,-1,-1
Rio de Janeiro,-22.9068,-43.1729,12.0,23.67,23.73,23.3,21.6,19.31,18.26,17.66,17.85,19.09,20.47,21.16,22.66,20.73,17.66,0,-1,-1
Manila,14.5995,120.9842,9.0,22.74,22.89,23.89,25.29,26.14,25.66,25.18,25.15,24.97,24.69,24.49,23.83,24.58,22.74,0,-1,-1
Kuala Lumpur,3.139,101.6869,55.0,22.67,22.85,23.36,23.72,24.01,23.76,23.51,23.38,23.37,23.39,23.21,23.01,23.35,22.67,0,-1,-1
Darwin,-12.4634,130.8456,32.0,25.99,25.79,25.59,24.8,23.14,21.05,20.34,20.96,23.48,25.36,26.17,26.25,24.08,20.34,0,-1,-1
Honolulu,21.3099,-157.8581,9.0,21.0,20.72,20.9,21.62,22.38,23.28,23.83,24.16,24.16,23.76,22.91,21.73,22.54,20.72,0,-1,-1
Quito,-0.1807,-78.4678,2920.0,8.89,9.03,8.9,8.83,8.75,8.25,7.93,7.88,8.07,8.45,8.6,8.81,8.53,7.88,0,-1,-1
Bogota,4.711,-74.0721,2557.0,9.54,10.17,10.52,10.5,10.57,10.26,10.0,9.81,9.61,9.64,9.8,9.51,9.99,9.51,0,-1,-1
